insert into Countries
(CountryId, CountryName, Alpha2, Alpha3, NumericCode)
values
(1, 'Afghanistan', 'AF', 'AFG', '4'),
(2, 'Aland Islands !Åland Islands', 'AX', 'ALA', '248'),
(3, 'Albania', 'AL', 'ALB', '8'),
(4, 'Algeria', 'DZ', 'DZA', '12'),
(5, 'American Samoa', 'AS', 'ASM', '16'),
(6, 'Andorra', 'AD', 'AND', '20'),
(7, 'Angola', 'AO', 'AGO', '24'),
(8, 'Anguilla', 'AI', 'AIA', '660'),
(9, 'Antarctica', 'AQ', 'ATA', '10'),
(10, 'Antigua and Barbuda', 'AG', 'ATG', '28'),
(11, 'Argentina', 'AR', 'ARG', '32'),
(12, 'Armenia', 'AM', 'ARM', '51'),
(13, 'Aruba', 'AW', 'ABW', '533'),
(14, 'Australia', 'AU', 'AUS', '36'),
(15, 'Austria', 'AT', 'AUT', '40'),
(16, 'Azerbaijan', 'AZ', 'AZE', '31'),
(17, 'Bahamas', 'BS', 'BHS', '44'),
(18, 'Bahrain', 'BH', 'BHR', '48'),
(19, 'Bangladesh', 'BD', 'BGD', '50'),
(20, 'Barbados', 'BB', 'BRB', '52'),
(21, 'Belarus', 'BY', 'BLR', '112'),
(22, 'Belgium', 'BE', 'BEL', '56'),
(23, 'Belize', 'BZ', 'BLZ', '84'),
(24, 'Benin', 'BJ', 'BEN', '204'),
(25, 'Bermuda', 'BM', 'BMU', '60'),
(26, 'Bhutan', 'BT', 'BTN', '64'),
(27, 'Bolivia (Plurinational State of)', 'BO', 'BOL', '68'),
(28, 'Bonaire, Sint Eustatius and Saba', 'BQ', 'BES', '535'),
(29, 'Bosnia and Herzegovina', 'BA', 'BIH', '70'),
(30, 'Botswana', 'BW', 'BWA', '72'),
(31, 'Bouvet Island', 'BV', 'BVT', '74'),
(32, 'Brazil', 'BR', 'BRA', '76'),
(33, 'British Indian Ocean Territory', 'IO', 'IOT', '86'),
(34, 'Brunei Darussalam', 'BN', 'BRN', '96'),
(35, 'Bulgaria', 'BG', 'BGR', '100'),
(36, 'Burkina Faso', 'BF', 'BFA', '854'),
(37, 'Burundi', 'BI', 'BDI', '108'),
(38, 'Cabo Verde', 'CV', 'CPV', '132'),
(39, 'Cambodia', 'KH', 'KHM', '116'),
(40, 'Cameroon', 'CM', 'CMR', '120'),
(41, 'Canada', 'CA', 'CAN', '124'),
(42, 'Cayman Islands', 'KY', 'CYM', '136'),
(43, 'Central African Republic', 'CF', 'CAF', '140'),
(44, 'Chad', 'TD', 'TCD', '148'),
(45, 'Chile', 'CL', 'CHL', '152'),
(46, 'China', 'CN', 'CHN', '156'),
(47, 'Christmas Island', 'CX', 'CXR', '162'),
(48, 'Cocos (Keeling) Islands', 'CC', 'CCK', '166'),
(49, 'Colombia', 'CO', 'COL', '170'),
(50, 'Comoros', 'KM', 'COM', '174'),
(51, 'Congo', 'CG', 'COG', '178'),
(52, 'Congo (Democratic Republic of the)', 'CD', 'COD', '180'),
(53, 'Cook Islands', 'CK', 'COK', '184'),
(54, 'Costa Rica', 'CR', 'CRI', '188'),
(55, 'Côte d''Ivoire', 'CI', 'CIV', '384'),
(56, 'Croatia', 'HR', 'HRV', '191'),
(57, 'Cuba', 'CU', 'CUB', '192'),
(58, 'Curacao !Curaçao', 'CW', 'CUW', '531'),
(59, 'Cyprus', 'CY', 'CYP', '196'),
(60, 'Czechia', 'CZ', 'CZE', '203'),
(61, 'Denmark', 'DK', 'DNK', '208'),
(62, 'Djibouti', 'DJ', 'DJI', '262'),
(63, 'Dominica', 'DM', 'DMA', '212'),
(64, 'Dominican Republic', 'DO', 'DOM', '214'),
(65, 'Ecuador', 'EC', 'ECU', '218'),
(66, 'Egypt', 'EG', 'EGY', '818'),
(67, 'El Salvador', 'SV', 'SLV', '222'),
(68, 'Equatorial Guinea', 'GQ', 'GNQ', '226'),
(69, 'Eritrea', 'ER', 'ERI', '232'),
(70, 'Estonia', 'EE', 'EST', '233'),
(71, 'Ethiopia', 'ET', 'ETH', '231'),
(72, 'Falkland Islands (Malvinas)', 'FK', 'FLK', '238'),
(73, 'Faroe Islands', 'FO', 'FRO', '234'),
(74, 'Fiji', 'FJ', 'FJI', '242'),
(75, 'Finland', 'FI', 'FIN', '246'),
(76, 'France', 'FR', 'FRA', '250'),
(77, 'French Guiana', 'GF', 'GUF', '254'),
(78, 'French Polynesia', 'PF', 'PYF', '258'),
(79, 'French Southern Territories', 'TF', 'ATF', '260'),
(80, 'Gabon', 'GA', 'GAB', '266'),
(81, 'Gambia', 'GM', 'GMB', '270'),
(82, 'Georgia', 'GE', 'GEO', '268'),
(83, 'Germany', 'DE', 'DEU', '276'),
(84, 'Ghana', 'GH', 'GHA', '288'),
(85, 'Gibraltar', 'GI', 'GIB', '292'),
(86, 'Greece', 'EL', 'GRC', '300'),
(87, 'Greenland', 'GL', 'GRL', '304'),
(88, 'Grenada', 'GD', 'GRD', '308'),
(89, 'Guadeloupe', 'GP', 'GLP', '312'),
(90, 'Guam', 'GU', 'GUM', '316'),
(91, 'Guatemala', 'GT', 'GTM', '320'),
(92, 'Guernsey', 'GG', 'GGY', '831'),
(93, 'Guinea', 'GN', 'GIN', '324'),
(94, 'Guinea-Bissau', 'GW', 'GNB', '624'),
(95, 'Guyana', 'GY', 'GUY', '328'),
(96, 'Haiti', 'HT', 'HTI', '332'),
(97, 'Heard Island and McDonald Islands', 'HM', 'HMD', '334'),
(98, 'Holy See', 'VA', 'VAT', '336'),
(99, 'Honduras', 'HN', 'HND', '340'),
(100, 'Hong Kong', 'HK', 'HKG', '344'),
(101, 'Hungary', 'HU', 'HUN', '348'),
(102, 'Iceland', 'IS', 'ISL', '352'),
(103, 'India', 'IN', 'IND', '356'),
(104, 'Indonesia', 'ID', 'IDN', '360'),
(105, 'Iran (Islamic Republic of)', 'IR', 'IRN', '364'),
(106, 'Iraq', 'IQ', 'IRQ', '368'),
(107, 'Ireland', 'IE', 'IRL', '372'),
(108, 'Isle of Man', 'IM', 'IMN', '833'),
(109, 'Israel', 'IL', 'ISR', '376'),
(110, 'Italy', 'IT', 'ITA', '380'),
(111, 'Jamaica', 'JM', 'JAM', '388'),
(112, 'Japan', 'JP', 'JPN', '392'),
(113, 'Jersey', 'JE', 'JEY', '832'),
(114, 'Jordan', 'JO', 'JOR', '400'),
(115, 'Kazakhstan', 'KZ', 'KAZ', '398'),
(116, 'Kenya', 'KE', 'KEN', '404'),
(117, 'Kiribati', 'KI', 'KIR', '296'),
(118, 'Korea (Democratic People''s Republic of)', 'KP', 'PRK', '408'),
(119, 'Korea (Republic of)', 'KR', 'KOR', '410'),
(120, 'Kuwait', 'KW', 'KWT', '414'),
(121, 'Kyrgyzstan', 'KG', 'KGZ', '417'),
(122, 'Lao People''s Democratic Republic', 'LA', 'LAO', '418'),
(123, 'Latvia', 'LV', 'LVA', '428'),
(124, 'Lebanon', 'LB', 'LBN', '422'),
(125, 'Lesotho', 'LS', 'LSO', '426'),
(126, 'Liberia', 'LR', 'LBR', '430'),
(127, 'Libya', 'LY', 'LBY', '434'),
(128, 'Liechtenstein', 'LI', 'LIE', '438'),
(129, 'Lithuania', 'LT', 'LTU', '440'),
(130, 'Luxembourg', 'LU', 'LUX', '442'),
(131, 'Macao', 'MO', 'MAC', '446'),
(132, 'Macedonia (the former Yugoslav Republic of)', 'MK', 'MKD', '807'),
(133, 'Madagascar', 'MG', 'MDG', '450'),
(134, 'Malawi', 'MW', 'MWI', '454'),
(135, 'Malaysia', 'MY', 'MYS', '458'),
(136, 'Maldives', 'MV', 'MDV', '462'),
(137, 'Mali', 'ML', 'MLI', '466'),
(138, 'Malta', 'MT', 'MLT', '470'),
(139, 'Marshall Islands', 'MH', 'MHL', '584'),
(140, 'Martinique', 'MQ', 'MTQ', '474'),
(141, 'Mauritania', 'MR', 'MRT', '478'),
(142, 'Mauritius', 'MU', 'MUS', '480'),
(143, 'Mayotte', 'YT', 'MYT', '175'),
(144, 'Mexico', 'MX', 'MEX', '484'),
(145, 'Micronesia (Federated States of)', 'FM', 'FSM', '583'),
(146, 'Moldova (Republic of)', 'MD', 'MDA', '498'),
(147, 'Monaco', 'MC', 'MCO', '492'),
(148, 'Mongolia', 'MN', 'MNG', '496'),
(149, 'Montenegro', 'ME', 'MNE', '499'),
(150, 'Montserrat', 'MS', 'MSR', '500'),
(151, 'Morocco', 'MA', 'MAR', '504'),
(152, 'Mozambique', 'MZ', 'MOZ', '508'),
(153, 'Myanmar', 'MM', 'MMR', '104'),
(154, 'Namibia', 'NA', 'NAM', '516'),
(155, 'Nauru', 'NR', 'NRU', '520'),
(156, 'Nepal', 'NP', 'NPL', '524'),
(157, 'Netherlands', 'NL', 'NLD', '528'),
(158, 'New Caledonia', 'NC', 'NCL', '540'),
(159, 'New Zealand', 'NZ', 'NZL', '554'),
(160, 'Nicaragua', 'NI', 'NIC', '558'),
(161, 'Niger', 'NE', 'NER', '562'),
(162, 'Nigeria', 'NG', 'NGA', '566'),
(163, 'Niue', 'NU', 'NIU', '570'),
(164, 'Norfolk Island', 'NF', 'NFK', '574'),
(165, 'Northern Mariana Islands', 'MP', 'MNP', '580'),
(166, 'Norway', 'NO', 'NOR', '578'),
(167, 'Oman', 'OM', 'OMN', '512'),
(168, 'Pakistan', 'PK', 'PAK', '586'),
(169, 'Palau', 'PW', 'PLW', '585'),
(170, 'Palestine, State of', 'PS', 'PSE', '275'),
(171, 'Panama', 'PA', 'PAN', '591'),
(172, 'Papua New Guinea', 'PG', 'PNG', '598'),
(173, 'Paraguay', 'PY', 'PRY', '600'),
(174, 'Peru', 'PE', 'PER', '604'),
(175, 'Philippines', 'PH', 'PHL', '608'),
(176, 'Pitcairn', 'PN', 'PCN', '612'),
(177, 'Poland', 'PL', 'POL', '616'),
(178, 'Portugal', 'PT', 'PRT', '620'),
(179, 'Puerto Rico', 'PR', 'PRI', '630'),
(180, 'Qatar', 'QA', 'QAT', '634'),
(181, 'Reunion !Réunion', 'RE', 'REU', '638'),
(182, 'Romania', 'RO', 'ROU', '642'),
(183, 'Russian Federation', 'RU', 'RUS', '643'),
(184, 'Rwanda', 'RW', 'RWA', '646'),
(185, 'Saint Barthelemy !Saint Barthélemy', 'BL', 'BLM', '652'),
(186, 'Saint Helena, Ascension and Tristan da Cunha', 'SH', 'SHN', '654'),
(187, 'Saint Kitts and Nevis', 'KN', 'KNA', '659'),
(188, 'Saint Lucia', 'LC', 'LCA', '662'),
(189, 'Saint Martin (French part)', 'MF', 'MAF', '663'),
(190, 'Saint Pierre and Miquelon', 'PM', 'SPM', '666'),
(191, 'Saint Vincent and the Grenadines', 'VC', 'VCT', '670'),
(192, 'Samoa', 'WS', 'WSM', '882'),
(193, 'San Marino', 'SM', 'SMR', '674'),
(194, 'Sao Tome and Principe', 'ST', 'STP', '678'),
(195, 'Saudi Arabia', 'SA', 'SAU', '682'),
(196, 'Senegal', 'SN', 'SEN', '686'),
(197, 'Serbia', 'RS', 'SRB', '688'),
(198, 'Seychelles', 'SC', 'SYC', '690'),
(199, 'Sierra Leone', 'SL', 'SLE', '694'),
(200, 'Singapore', 'SG', 'SGP', '702'),
(201, 'Sint Maarten (Dutch part)', 'SX', 'SXM', '534'),
(202, 'Slovakia', 'SK', 'SVK', '703'),
(203, 'Slovenia', 'SI', 'SVN', '705'),
(204, 'Solomon Islands', 'SB', 'SLB', '90'),
(205, 'Somalia', 'SO', 'SOM', '706'),
(206, 'South Africa', 'ZA', 'ZAF', '710'),
(207, 'South Georgia and the South Sandwich Islands', 'GS', 'SGS', '239'),
(208, 'South Sudan', 'SS', 'SSD', '728'),
(209, 'Spain', 'ES', 'ESP', '724'),
(210, 'Sri Lanka', 'LK', 'LKA', '144'),
(211, 'Sudan', 'SD', 'SDN', '729'),
(212, 'Suriname', 'SR', 'SUR', '740'),
(213, 'Svalbard and Jan Mayen', 'SJ', 'SJM', '744'),
(214, 'Swaziland', 'SZ', 'SWZ', '748'),
(215, 'Sweden', 'SE', 'SWE', '752'),
(216, 'Switzerland', 'CH', 'CHE', '756'),
(217, 'Syrian Arab Republic', 'SY', 'SYR', '760'),
(218, 'Taiwan, Province of China[a]', 'TW', 'TWN', '158'),
(219, 'Tajikistan', 'TJ', 'TJK', '762'),
(220, 'Tanzania, United Republic of', 'TZ', 'TZA', '834'),
(221, 'Thailand', 'TH', 'THA', '764'),
(222, 'Timor-Leste', 'TL', 'TLS', '626'),
(223, 'Togo', 'TG', 'TGO', '768'),
(224, 'Tokelau', 'TK', 'TKL', '772'),
(225, 'Tonga', 'TO', 'TON', '776'),
(226, 'Trinidad and Tobago', 'TT', 'TTO', '780'),
(227, 'Tunisia', 'TN', 'TUN', '788'),
(228, 'Turkey', 'TR', 'TUR', '792'),
(229, 'Turkmenistan', 'TM', 'TKM', '795'),
(230, 'Turks and Caicos Islands', 'TC', 'TCA', '796'),
(231, 'Tuvalu', 'TV', 'TUV', '798'),
(232, 'Uganda', 'UG', 'UGA', '800'),
(233, 'Ukraine', 'UA', 'UKR', '804'),
(234, 'United Arab Emirates', 'AE', 'ARE', '784'),
(235, 'United Kingdom of Great Britain and Northern Ireland', 'GB', 'GBR', '826'),
(236, 'United States of America', 'US', 'USA', '840'),
(237, 'United States Minor Outlying Islands', 'UM', 'UMI', '581'),
(238, 'Uruguay', 'UY', 'URY', '858'),
(239, 'Uzbekistan', 'UZ', 'UZB', '860'),
(240, 'Vanuatu', 'VU', 'VUT', '548'),
(241, 'Venezuela (Bolivarian Republic of)', 'VE', 'VEN', '862'),
(242, 'Viet Nam', 'VN', 'VNM', '704'),
(243, 'Virgin Islands (British)', 'VG', 'VGB', '92'),
(244, 'Virgin Islands (U.S.)', 'VI', 'VIR', '850'),
(245, 'Wallis and Futuna', 'WF', 'WLF', '876'),
(246, 'Western Sahara', 'EH', 'ESH', '732'),
(247, 'Yemen', 'YE', 'YEM', '887'),
(248, 'Zambia', 'ZM', 'ZMB', '894'),
(249, 'Zimbabwe', 'ZW', 'ZWE', '716');

GO

insert into Tenants
(TenantName, LoginDomain, TenantSettings)
values
('Traffk', 't', '{"Deerwalk":{"FtpFolder":"22","FtpHost":"11","FtpPassword":"pp","FtpPort":0,"FtpUser":"33"},"EmailSenderAddress":"jason@jasonthomas.com","EmailSenderName":"Traffk Tenant Admin","ProtectedHealthInformationViewableByEmailAddressHostnames":["a.com","b.com","c.com","d.com","Traffk.com"],"RequiresEmailAccountValidation":false,"RequiresTwoFactorAuthentication":false,"Smtp":{"SmtpHost":"smtp.office365.com","SmtpPassword":"bUSTiT#0JBT","SmtpPort":587,"SmtpUser":"jason@jasonthomas.com"}}')

GO

insert into Applications
(tenantid, applicationtype, applicationname, applicationsettings)
values
(1, 'urn:traffk.com/portal', 'Portal', '{"EmailSenderAddress":"jason@jasonthomas.com","EmailSenderName":"Traffx Portal App Admin","Hosts":{"HostInfos":[{"Hostname":"localhost"},{"Hostname":"traffklocal"}]},"PortalOptions":{"CopyrightMessage":"DB(&copy; 2016 - TraffkPortal)","CssLink":"https:\/\/devhiptraffk.blob.core.windows.net\/portal\/t\/customcss.418493931.css","JavascriptLink":null,"LogoLink":"https:\/\/devhiptraffk.blob.core.windows.net\/portal\/t\/customlogo.png","SupportMessage":"<p>we don''t offer support of any shape or kind!<\/p>","SystemAdminEmailAddress":null,"SystemAdminName":null},"Registration":{"SelfRegistrationMandatoryEmailAddressHostnames":null,"UsersCanSelfRegister":true}}')

GO

insert into templates
(tenantid, TemplateName,	ModelType,	TemplateEngineType,	Code)
values
(1,null, NULL,					'DollarString1',	'Traffk Password Reset'),
(1,null, 'CallbackUrlModel',	'DollarString1',	'Please reset your password by clicking this link: {Model.CallbackUrl}'),
(1,null, 'CallbackUrlModel',	'DollarString1',	'<body style="background-color:pink">Please reset your password by clicking <a href="{Model.CallbackUrl}">here</a>.</body>'),
(1,null, NULL,					'DollarString1',	'Traffk Account Confirmation'),
(1,null, 'CallbackUrlModel',	'DollarString1',	'Please confirm your account by clicking this link: {Model.CallbackUrl}'),
(1,null, 'CallbackUrlModel',	'DollarString1',	'<body style="background-color:yellow">Please confirm your password by clicking <a href="{Model.CallbackUrl}">here</a>.</body>'),
(1,null, NULL,					'DollarString1',	'Traffk Multi-Factor Login Code'),
(1,null, 'SimpleCodeModel',		'DollarString1',	'Your login verification code is {Model.Code}.'),
(1,null, 'SimpleCodeModel',		'DollarString1',	'Your Traffk login verification code is {Model.Code}.'),
(1,null, NULL,					'DollarString1',	'Traffk Invitation Notification'),
(1,null, 'CallbackUrlModel',	'DollarString1',	'Please accept your invitation to join Traffk by clicking this link: {Model.CallbackUrl}

{Model.ContextMessage}'),
(1,null, 'CallbackUrlModel',	'DollarString1',	'<body style="background-color:pink">
Please accept your invitation to join Traffk by clicking <a href="{Model.CallbackUrl}">here</a>.
<div style="background-color:orange">{Model.ContextMessage}</div>
</body>')


GO

insert into [AspNetRoles]
(Id, ConcurrencyStamp, Name, NormalizedName, TenantId)
values
('A0AC1B16-A16B-43A1-AD9C-A58C6E93501D', '04734539-33A5-420E-9652-E3C781851913', 'configure', 'configure', 1),
('5967A567-3892-4648-A6E6-A6EEEF0EDD0A', '6D171CE0-1A63-4753-8243-97F170BDCB5D', 'admin', 'admin', 1),
('60F299EF-F722-490E-B41C-4DD64FFBEECD', 'E16406F6-971A-418C-B30E-46F4EE1D6680', 'basic', 'basic', 1)
GO

insert into AspNetRoleClaims
(ClaimType, ClaimValue, RoleId)
values
('urn:traffk.com/claims/ReleaseLog', '{"Granted":true, "Version":1}', 'A0AC1B16-A16B-43A1-AD9C-A58C6E93501D'),
('urn:traffk.com/claims/ManageTenants', '{"Granted":true, "Version":1}', 'A0AC1B16-A16B-43A1-AD9C-A58C6E93501D'),
('urn:traffk.com/claims/ManageRoles', '{"Granted":true, "Version":1}', 'A0AC1B16-A16B-43A1-AD9C-A58C6E93501D'),
('urn:traffk.com/claims/BasicReporting', '{"Granted":true, "Version":1}', 'A0AC1B16-A16B-43A1-AD9C-A58C6E93501D'),
('urn:traffk.com/claims/ManageUsers', '{"Granted":true, "Version":1}', 'A0AC1B16-A16B-43A1-AD9C-A58C6E93501D'),
('urn:traffk.com/claims/ManageTenants', '{"Granted":true, "Version":1}', '5967A567-3892-4648-A6E6-A6EEEF0EDD0A'),
('urn:traffk.com/claims/ReleaseLog', '{"Granted":true, "Version":1}', '5967A567-3892-4648-A6E6-A6EEEF0EDD0A'),
('urn:traffk.com/claims/ManageRoles', '{"Granted":true, "Version":1}', '5967A567-3892-4648-A6E6-A6EEEF0EDD0A'),
('urn:traffk.com/claims/BasicReporting', '{"Granted":true, "Version":1}', '5967A567-3892-4648-A6E6-A6EEEF0EDD0A'),
('urn:traffk.com/claims/CustomerRelationshipData', '{"Granted":true, "Version":1}', '5967A567-3892-4648-A6E6-A6EEEF0EDD0A'),
('urn:traffk.com/claims/DirectMessaging', '{"Granted":true, "Version":1}', '5967A567-3892-4648-A6E6-A6EEEF0EDD0A'),
('urn:traffk.com/claims/ProtectedHealthInformation', '{"Granted":true, "Version":1}', '5967A567-3892-4648-A6E6-A6EEEF0EDD0A'),
('urn:traffk.com/claims/ManageUsers', '{"Granted":true, "Version":1}', '5967A567-3892-4648-A6E6-A6EEEF0EDD0A'),
('urn:traffk.com/claims/Messaging', '{"Granted":true, "Version":1}', '5967A567-3892-4648-A6E6-A6EEEF0EDD0A'),
('urn:traffk.com/claims/ReleaseLog', '{"Granted":true, "Version":1}', '60F299EF-F722-490E-B41C-4DD64FFBEECD'),
('urn:traffk.com/claims/BasicReporting', '{"Granted":true, "Version":1}', '60F299EF-F722-490E-B41C-4DD64FFBEECD'),
('urn:traffk.com/claims/CustomerRelationshipData', '{"Granted":true, "Version":1}', '60F299EF-F722-490E-B41C-4DD64FFBEECD');


GO

--As there are no users, this will have to be run manually!
insert into [dbo].[AspNetUserRoles]
(UserId, RoleId)
select distinct u.Id, 'A0AC1B16-A16B-43A1-AD9C-A58C6E93501D'--r.Id
from [dbo].[AspNetUsers] u, [dbo].[AspNetRoles] r

GO
